{"fx":{"lfo":{"depth":0,"rate":0},"envelope":{"release":0.8399999737739563,"attack":0.9900000095367432},"delay":{"time":885,"decay":0.8899999856948853},"lag":0.10000000149011612},"timbre":[{"id":"Saw","phase":0,"harmonic":1,"amplitude":1}],"isInternal":true,"name":"Electric Eel"}