{"fx":{"lfo":{"depth":0,"rate":0},"envelope":{"release":0.9900000095367432,"attack":0.9900000095367432},"delay":{"time":9843,"decay":0.3599999809265137},"lag":0.44999998807907104},"timbre":[{"id":"Sine","phase":0,"harmonic":1,"amplitude":1}],"isInternal":false,"name":"Starslide"}
